userID,firstName,lastName,study_ID
alice,Alice,Wonderland,44454691-d675-488e-822e-85664745ab3c
bob,Bob,the builder,44454691-d675-488e-822e-85664745ab3c
Students-6519555,firstName-6519555,lastName-6519555,44454691-d675-488e-822e-85664745ab3c
Students-6519556,firstName-6519556,lastName-6519556,44454691-d675-488e-822e-85664745ab3c
Students-6519557,firstName-6519557,lastName-6519557,44454691-d675-488e-822e-85664745ab3c
Students-6519558,firstName-6519558,lastName-6519558,44454691-d675-488e-822e-85664745ab3c
Students-6519559,firstName-6519559,lastName-6519559,44454691-d675-488e-822e-85664745ab3c
Students-6519560,firstName-6519560,lastName-6519560,44454691-d675-488e-822e-85664745ab3c
Students-6519561,firstName-6519561,lastName-6519561,44454691-d675-488e-822e-85664745ab3c
Students-6519562,firstName-6519562,lastName-6519562,44454691-d675-488e-822e-85664745ab3c
Students-6519563,firstName-6519563,lastName-6519563,44454691-d675-488e-822e-85664745ab3c
Students-6519564,firstName-6519564,lastName-6519564,44454691-d675-488e-822e-85664745ab3c
Students-6519565,firstName-6519565,lastName-6519565,44454691-d675-488e-822e-85664745ab3c
Students-6519566,firstName-6519566,lastName-6519566,44454691-d675-488e-822e-85664745ab3c
Students-6519567,firstName-6519567,lastName-6519567,44454691-d675-488e-822e-85664745ab3c
Students-6519568,firstName-6519568,lastName-6519568,44454691-d675-488e-822e-85664745ab3c
Students-6519569,firstName-6519569,lastName-6519569,44454691-d675-488e-822e-85664745ab3c
Students-6519570,firstName-6519570,lastName-6519570,44454691-d675-488e-822e-85664745ab3c
Students-6519571,firstName-6519571,lastName-6519571,44454691-d675-488e-822e-85664745ab3c
Students-6519572,firstName-6519572,lastName-6519572,44454691-d675-488e-822e-85664745ab3c
Students-6519573,firstName-6519573,lastName-6519573,44454691-d675-488e-822e-85664745ab3c
Students-6519574,firstName-6519574,lastName-6519574,44454691-d675-488e-822e-85664745ab3c
Students-6519575,firstName-6519575,lastName-6519575,44454691-d675-488e-822e-85664745ab3c
Students-6519576,firstName-6519576,lastName-6519576,44454691-d675-488e-822e-85664745ab3c
Students-6519577,firstName-6519577,lastName-6519577,44454691-d675-488e-822e-85664745ab3c
Students-6519578,firstName-6519578,lastName-6519578,44454691-d675-488e-822e-85664745ab3c
Students-6519579,firstName-6519579,lastName-6519579,44454691-d675-488e-822e-85664745ab3c
Students-6519580,firstName-6519580,lastName-6519580,44454691-d675-488e-822e-85664745ab3c
Students-6519581,firstName-6519581,lastName-6519581,44454691-d675-488e-822e-85664745ab3c
Students-6519582,firstName-6519582,lastName-6519582,44454691-d675-488e-822e-85664745ab3c
Students-6519583,firstName-6519583,lastName-6519583,44454691-d675-488e-822e-85664745ab3c
Students-6519584,firstName-6519584,lastName-6519584,44454691-d675-488e-822e-85664745ab3c
Students-6519585,firstName-6519585,lastName-6519585,44454691-d675-488e-822e-85664745ab3c
Students-6519586,firstName-6519586,lastName-6519586,44454691-d675-488e-822e-85664745ab3c
Students-6519587,firstName-6519587,lastName-6519587,44454691-d675-488e-822e-85664745ab3c
Students-6519588,firstName-6519588,lastName-6519588,44454691-d675-488e-822e-85664745ab3c
Students-6519589,firstName-6519589,lastName-6519589,44454691-d675-488e-822e-85664745ab3c
Students-6519590,firstName-6519590,lastName-6519590,44454691-d675-488e-822e-85664745ab3c
Students-6519591,firstName-6519591,lastName-6519591,44454691-d675-488e-822e-85664745ab3c
Students-6519592,firstName-6519592,lastName-6519592,44454691-d675-488e-822e-85664745ab3c
Students-6519593,firstName-6519593,lastName-6519593,44454691-d675-488e-822e-85664745ab3c
Students-6519594,firstName-6519594,lastName-6519594,44454691-d675-488e-822e-85664745ab3c
Students-6519595,firstName-6519595,lastName-6519595,44454691-d675-488e-822e-85664745ab3c
Students-6519596,firstName-6519596,lastName-6519596,44454691-d675-488e-822e-85664745ab3c
Students-6519597,firstName-6519597,lastName-6519597,44454691-d675-488e-822e-85664745ab3c
Students-6519598,firstName-6519598,lastName-6519598,44454691-d675-488e-822e-85664745ab3c
Students-6519599,firstName-6519599,lastName-6519599,44454691-d675-488e-822e-85664745ab3c
Students-6519600,firstName-6519600,lastName-6519600,44454691-d675-488e-822e-85664745ab3c
Students-6519601,firstName-6519601,lastName-6519601,44454691-d675-488e-822e-85664745ab3c
Students-6519602,firstName-6519602,lastName-6519602,44454691-d675-488e-822e-85664745ab3c
Students-6519603,firstName-6519603,lastName-6519603,44454691-d675-488e-822e-85664745ab3c
Students-6519604,firstName-6519604,lastName-6519604,44454691-d675-488e-822e-85664745ab3c
Students-6519605,firstName-6519605,lastName-6519605,44454691-d675-488e-822e-85664745ab3c
Students-6519606,firstName-6519606,lastName-6519606,44454691-d675-488e-822e-85664745ab3c
Students-6519607,firstName-6519607,lastName-6519607,44454691-d675-488e-822e-85664745ab3c
Students-6519608,firstName-6519608,lastName-6519608,44454691-d675-488e-822e-85664745ab3c
Students-6519609,firstName-6519609,lastName-6519609,44454691-d675-488e-822e-85664745ab3c
Students-6519610,firstName-6519610,lastName-6519610,44454691-d675-488e-822e-85664745ab3c
Students-6519611,firstName-6519611,lastName-6519611,44454691-d675-488e-822e-85664745ab3c
Students-6519612,firstName-6519612,lastName-6519612,44454691-d675-488e-822e-85664745ab3c
Students-6519613,firstName-6519613,lastName-6519613,44454691-d675-488e-822e-85664745ab3c
Students-6519614,firstName-6519614,lastName-6519614,44454691-d675-488e-822e-85664745ab3c
Students-6519615,firstName-6519615,lastName-6519615,44454691-d675-488e-822e-85664745ab3c
Students-6519616,firstName-6519616,lastName-6519616,44454691-d675-488e-822e-85664745ab3c
Students-6519617,firstName-6519617,lastName-6519617,44454691-d675-488e-822e-85664745ab3c
Students-6519618,firstName-6519618,lastName-6519618,44454691-d675-488e-822e-85664745ab3c
Students-6519619,firstName-6519619,lastName-6519619,44454691-d675-488e-822e-85664745ab3c
Students-6519620,firstName-6519620,lastName-6519620,44454691-d675-488e-822e-85664745ab3c
Students-6519621,firstName-6519621,lastName-6519621,44454691-d675-488e-822e-85664745ab3c
Students-6519622,firstName-6519622,lastName-6519622,44454691-d675-488e-822e-85664745ab3c
Students-6519623,firstName-6519623,lastName-6519623,44454691-d675-488e-822e-85664745ab3c
Students-6519624,firstName-6519624,lastName-6519624,44454691-d675-488e-822e-85664745ab3c
Students-6519625,firstName-6519625,lastName-6519625,44454691-d675-488e-822e-85664745ab3c
Students-6519626,firstName-6519626,lastName-6519626,44454691-d675-488e-822e-85664745ab3c
Students-6519627,firstName-6519627,lastName-6519627,44454691-d675-488e-822e-85664745ab3c
Students-6519628,firstName-6519628,lastName-6519628,44454691-d675-488e-822e-85664745ab3c
Students-6519629,firstName-6519629,lastName-6519629,44454691-d675-488e-822e-85664745ab3c
Students-6519630,firstName-6519630,lastName-6519630,44454691-d675-488e-822e-85664745ab3c
Students-6519631,firstName-6519631,lastName-6519631,44454691-d675-488e-822e-85664745ab3c
Students-6519632,firstName-6519632,lastName-6519632,44454691-d675-488e-822e-85664745ab3c
Students-6519633,firstName-6519633,lastName-6519633,44454691-d675-488e-822e-85664745ab3c
Students-6519634,firstName-6519634,lastName-6519634,44454691-d675-488e-822e-85664745ab3c
Students-6519635,firstName-6519635,lastName-6519635,44454691-d675-488e-822e-85664745ab3c
Students-6519636,firstName-6519636,lastName-6519636,44454691-d675-488e-822e-85664745ab3c
Students-6519637,firstName-6519637,lastName-6519637,44454691-d675-488e-822e-85664745ab3c
Students-6519638,firstName-6519638,lastName-6519638,44454691-d675-488e-822e-85664745ab3c
Students-6519639,firstName-6519639,lastName-6519639,44454691-d675-488e-822e-85664745ab3c
Students-6519640,firstName-6519640,lastName-6519640,44454691-d675-488e-822e-85664745ab3c
Students-6519641,firstName-6519641,lastName-6519641,44454691-d675-488e-822e-85664745ab3c
Students-6519642,firstName-6519642,lastName-6519642,44454691-d675-488e-822e-85664745ab3c
Students-6519643,firstName-6519643,lastName-6519643,44454691-d675-488e-822e-85664745ab3c
Students-6519644,firstName-6519644,lastName-6519644,44454691-d675-488e-822e-85664745ab3c
Students-6519645,firstName-6519645,lastName-6519645,44454691-d675-488e-822e-85664745ab3c
Students-6519646,firstName-6519646,lastName-6519646,44454691-d675-488e-822e-85664745ab3c
Students-6519647,firstName-6519647,lastName-6519647,44454691-d675-488e-822e-85664745ab3c
Students-6519648,firstName-6519648,lastName-6519648,44454691-d675-488e-822e-85664745ab3c
Students-6519649,firstName-6519649,lastName-6519649,44454691-d675-488e-822e-85664745ab3c
Students-6519650,firstName-6519650,lastName-6519650,44454691-d675-488e-822e-85664745ab3c
Students-6519651,firstName-6519651,lastName-6519651,44454691-d675-488e-822e-85664745ab3c
Students-6519652,firstName-6519652,lastName-6519652,44454691-d675-488e-822e-85664745ab3c